{"stats":{"minecraft:custom":{"minecraft:jump":18,"minecraft:time_since_rest":76441,"minecraft:damage_absorbed":240,"minecraft:sprint_one_cm":200,"minecraft:crouch_one_cm":103,"minecraft:damage_taken":470,"minecraft:leave_game":6,"minecraft:play_time":76441,"minecraft:time_since_death":76441,"minecraft:walk_one_cm":3126,"minecraft:sneak_time":154,"minecraft:total_world_time":76441,"minecraft:drop":21,"minecraft:fall_one_cm":604,"minecraft:fly_one_cm":71626},"minecraft:dropped":{"minecraft:bedrock":1,"minecraft:dirt":1,"minecraft:totem_of_undying":86,"minecraft:wooden_axe":1,"minecraft:grass_block":1},"minecraft:used":{"minecraft:bedrock":2,"minecraft:totem_of_undying":4,"minecraft:grass_block":1}},"DataVersion":3105}