{"stats":{"minecraft:killed":{"minecraft:pillager":2},"minecraft:custom":{"minecraft:time_since_rest":112441,"minecraft:crouch_one_cm":1007,"minecraft:play_time":112441,"minecraft:sprint_one_cm":2017,"minecraft:walk_one_cm":4181,"minecraft:damage_taken":470,"minecraft:damage_absorbed":240,"minecraft:sneak_time":1151,"minecraft:mob_kills":2,"minecraft:drop":22,"minecraft:jump":61,"minecraft:damage_dealt":480,"minecraft:leave_game":6,"minecraft:time_since_death":112441,"minecraft:total_world_time":112441,"minecraft:fall_one_cm":604,"minecraft:fly_one_cm":235320},"minecraft:dropped":{"minecraft:snow_block":1,"minecraft:dirt":1,"minecraft:bedrock":1,"minecraft:totem_of_undying":86,"minecraft:wooden_axe":1,"minecraft:grass_block":1},"minecraft:used":{"minecraft:netherite_sword":8,"minecraft:bedrock":2,"minecraft:grass_block":105,"minecraft:smooth_quartz":256,"minecraft:totem_of_undying":4}},"DataVersion":3105}