{"stats":{"minecraft:killed":{"minecraft:pillager":2},"minecraft:custom":{"minecraft:time_since_rest":137893,"minecraft:crouch_one_cm":1231,"minecraft:play_time":137893,"minecraft:sprint_one_cm":3450,"minecraft:walk_one_cm":44738,"minecraft:damage_taken":470,"minecraft:damage_absorbed":240,"minecraft:sneak_time":1372,"minecraft:mob_kills":2,"minecraft:drop":22,"minecraft:jump":64,"minecraft:damage_dealt":480,"minecraft:leave_game":7,"minecraft:time_since_death":137893,"minecraft:total_world_time":137893,"minecraft:fall_one_cm":604,"minecraft:fly_one_cm":686902},"minecraft:dropped":{"minecraft:snow_block":1,"minecraft:dirt":1,"minecraft:bedrock":1,"minecraft:totem_of_undying":86,"minecraft:wooden_axe":1,"minecraft:grass_block":1},"minecraft:used":{"minecraft:netherite_sword":8,"minecraft:bedrock":2,"minecraft:grass_block":107,"minecraft:smooth_quartz":257,"minecraft:totem_of_undying":4}},"DataVersion":3105}