{"stats":{"minecraft:dropped":{"minecraft:snow_block":1,"minecraft:dirt":1,"minecraft:bedrock":1,"minecraft:totem_of_undying":86,"minecraft:wooden_axe":1,"minecraft:grass_block":1},"minecraft:killed":{"minecraft:pillager":2,"minecraft:piglin_brute":1},"minecraft:used":{"minecraft:bedrock":2,"minecraft:netherite_sword":11,"minecraft:grass_block":107,"minecraft:smooth_quartz":257,"minecraft:totem_of_undying":4},"minecraft:custom":{"minecraft:time_since_rest":143893,"minecraft:crouch_one_cm":1345,"minecraft:damage_absorbed":240,"minecraft:play_time":143893,"minecraft:sprint_one_cm":4378,"minecraft:walk_one_cm":48396,"minecraft:damage_taken":470,"minecraft:sneak_time":1461,"minecraft:mob_kills":3,"minecraft:drop":22,"minecraft:jump":115,"minecraft:damage_dealt":660,"minecraft:leave_game":7,"minecraft:time_since_death":143893,"minecraft:total_world_time":143893,"minecraft:fall_one_cm":604,"minecraft:fly_one_cm":722593}},"DataVersion":3105}