{"stats":{"minecraft:dropped":{"minecraft:diamond_sword":2,"minecraft:snow_block":1,"minecraft:dirt":1,"minecraft:stone":4,"minecraft:piglin_brute_spawn_egg":1,"minecraft:bedrock":1,"minecraft:totem_of_undying":86,"minecraft:wooden_axe":1,"minecraft:grass_block":1},"minecraft:killed":{"minecraft:pillager":2,"minecraft:piglin_brute":2},"minecraft:used":{"minecraft:bedrock":2,"minecraft:netherite_sword":15,"minecraft:grass_block":107,"minecraft:smooth_quartz":257,"minecraft:enchanted_golden_apple":2,"minecraft:piglin_brute_spawn_egg":1,"minecraft:totem_of_undying":4},"minecraft:picked_up":{"minecraft:stone":6,"minecraft:diamond_sword":3,"minecraft:netherite_sword":4,"minecraft:piglin_brute_spawn_egg":3,"minecraft:enchanted_golden_apple":64},"minecraft:custom":{"minecraft:time_since_rest":20423,"minecraft:deaths":5,"minecraft:crouch_one_cm":1635,"minecraft:damage_absorbed":293,"minecraft:play_time":178185,"minecraft:sprint_one_cm":15325,"minecraft:walk_one_cm":60819,"minecraft:damage_taken":2470,"minecraft:sneak_time":1833,"minecraft:mob_kills":4,"minecraft:drop":29,"minecraft:jump":258,"minecraft:damage_dealt":1160,"minecraft:leave_game":8,"minecraft:time_since_death":20403,"minecraft:damage_resisted":13,"minecraft:total_world_time":178185,"minecraft:fall_one_cm":19352,"minecraft:fly_one_cm":819498}},"DataVersion":3105}