{"stats":{"minecraft:custom":{"minecraft:jump":46,"minecraft:time_since_rest":100441,"minecraft:damage_absorbed":240,"minecraft:sprint_one_cm":200,"minecraft:crouch_one_cm":848,"minecraft:damage_taken":470,"minecraft:leave_game":6,"minecraft:play_time":100441,"minecraft:time_since_death":100441,"minecraft:walk_one_cm":3666,"minecraft:sneak_time":405,"minecraft:total_world_time":100441,"minecraft:drop":21,"minecraft:fall_one_cm":604,"minecraft:fly_one_cm":86895},"minecraft:dropped":{"minecraft:bedrock":1,"minecraft:dirt":1,"minecraft:totem_of_undying":86,"minecraft:wooden_axe":1,"minecraft:grass_block":1},"minecraft:used":{"minecraft:bedrock":2,"minecraft:totem_of_undying":4,"minecraft:grass_block":105}},"DataVersion":3105}