{"stats":{"minecraft:used":{"minecraft:diamond_sword":4,"minecraft:piglin_brute_spawn_egg":1},"minecraft:mined":{"minecraft:grass":1},"minecraft:custom":{"minecraft:jump":56,"minecraft:time_since_rest":6001,"minecraft:damage_dealt":320,"minecraft:crouch_one_cm":30,"minecraft:sprint_one_cm":6184,"minecraft:play_time":6001,"minecraft:time_since_death":6001,"minecraft:walk_one_cm":5044,"minecraft:sneak_time":125,"minecraft:total_world_time":6001,"minecraft:fall_one_cm":685,"minecraft:fly_one_cm":17998}},"DataVersion":3105}