{"stats":{"minecraft:killed":{"minecraft:zombie":1,"minecraft:creeper":2},"minecraft:used":{"minecraft:netherite_sword":4,"minecraft:diamond_sword":11,"minecraft:piglin_brute_spawn_egg":1},"minecraft:picked_up":{"minecraft:stone":2,"minecraft:diamond_sword":1,"minecraft:netherite_sword":2,"minecraft:piglin_brute_spawn_egg":1,"minecraft:enchanted_golden_apple":62},"minecraft:mined":{"minecraft:grass":1},"minecraft:custom":{"minecraft:time_since_rest":21,"minecraft:crouch_one_cm":253,"minecraft:walk_one_cm":12906,"minecraft:play_time":18810,"minecraft:sprint_one_cm":24854,"minecraft:deaths":10,"minecraft:sneak_time":406,"minecraft:mob_kills":3,"minecraft:jump":177,"minecraft:damage_dealt":1267,"minecraft:leave_game":1,"minecraft:time_since_death":0,"minecraft:total_world_time":18810,"minecraft:damage_dealt_absorbed":53,"minecraft:fall_one_cm":685,"minecraft:fly_one_cm":114978}},"DataVersion":3105}